{
  "minecraft:water_bottle": {
    "hydration": 25.0,
    "temperature": 0.0
  },
  "minecraft:milk_bucket": {
    "hydration": 12.0,
    "temperature": 0.0
  },
  "minecraft:potion": {
    "hydration": 2.0,
    "temperature": 0.0
  },
  "minecraft:honey_bottle": {
    "hydration": 3.0,
    "temperature": 0.0
  },
  "minecraft:suspicious_stew": {
    "hydration": 6.0,
    "temperature": 0.0
  },
  "drinkordie:dirty_water_bottle": {
    "hydration": 20.0,
    "temperature": 0.0
  },
  "drinkordie:salty_water_bottle": {
    "hydration": 10.0,
    "temperature": 0.0
  }
}
